club.fromfactory.json,Adjust,FasterXML-Jackson-Core,EventBus,okio,OkHttp,Retrofit,Gson
com.pixel.gun3d.json,scribe,New-Relic,Gson
com.ppa.real.shooting.strike.json,AppLovin
com.u2opia.woo.json,Adjust,okio,OkHttp,OkHttp,Retrofit,Gson,apache-httpclient-android
com.zalora.android.json,Adjust,EventBus,okio,OkHttp,Retrofit,Gson,Picasso
com.eci.citizen.json,OkHttp,Retrofit,Gson,Picasso,Joda-Time
com.xiaomi.midrop.json,
com.flipkart.android.json,EventBus,okio,OkHttp,Retrofit,Gson,OrmLite
free.vpn.unblock.proxy.turbovpn.json,glide,Gson
all.video.downloader.allvideodownloader.json,EventBus
com.vzw.hss.myverizon.json,Gson
com.billiards.city.pool.nation.club.json,apache-httpclient-android
com.microsoft.office.word.json,okio,OkHttp,Gson
com.professionalgamingart.princessrunningtohome.json,
com.inditex.zara.json,Gson
com.dd.doordash.json,Adjust,FasterXML-Jackson-Core,OkHttp,okio,New-Relic,Gson,Butter-Knife,Picasso,Joda-Time
com.akbank.android.apps.axess.json,Adjust,okio,OkHttp,Retrofit,Gson
br.gov.fazenda.receita.irpf.json,Guice,Gson
ru.sberbankmobile.json,FasterXML-Jackson-Core,okio,OkHttp,Picasso
com.stubhub.json,FasterXML-Jackson-Core,EventBus,okio,OkHttp,roboguice,Retrofit,New-Relic,New-Relic,Guava,Gson,Guice,Gson,Guava,Guice,Picasso,Joda-Time
com.uc.vmlite.json,EventBus,okio,OkHttp,universal-image-loader,Gson
com.samsung.smartviewad.json,okio,OkHttp,Retrofit,glide,Gson,AndroidAsync,Picasso
com.picsart.studio.json,OkHttp,OkHttp,Retrofit,InMobi,Picasso
com.sonyliv.json,EventBus,FasterXML-Jackson-Core,EventBus,okio,OkHttp,Retrofit,Retrofit,HockeyApp,New-Relic,Gson,Gson,apache-httpclient-android,Picasso
com.kronos.mobile.android.json,roboguice,Guice,Guava,Joda-Time
com.zhiliaoapp.musically.json,FasterXML-Jackson-Core,EventBus,OkHttp,OkHttp,okio,Retrofit,Gson,Guava,Picasso,MessagePack,Joda-Time,MessagePack
com.luckyday.app.json,okio,Retrofit,Guava,Gson,AppLovin,Picasso
tube.video.tubevideo.playtube.json,okio,OkHttp,universal-image-loader
com.alifesoftware.stocktrainer.json,EventBus,FasterXML-Jackson-Core,okio,OkHttp,OkHttp,Retrofit,Guava,Gson,Guava,Picasso
video.like.json,
com.alensw.PicFolder.json,FasterXML-Jackson-Core
stickerwhatsapp.com.stickers.json,OkHttp,okio,Gson
id.dana.json,okio,OkHttp,OkHttp,Retrofit,OrmLite
com.ubercab.json,
com.hyperspeed.rocket.applock.free.json,InMobi,Picasso
com.nintendo.zara.json,Adjust,Crittercism
com.adamrocker.android.input.simeji.json,twitter4j,okio,OkHttp,glide,Gson
com.emoji.keyboard.touchpal.json,EventBus,FasterXML-Jackson-Core,OkHttp,okio,OkHttp,Retrofit,Guava,Gson,glide,AppLovin,Picasso
com.facebook.orca.json,
com.google.android.play.games.json,
pl.com.rossmann.centauros.json,OkHttp,OkHttp,Retrofit,Retrofit,Gson,Butter-Knife,Picasso
com.relayrides.android.relayrides.json,EventBus,OkHttp,okio,Retrofit,Picasso,Joda-Time
com.custom.pickmeup.json,okio,OkHttp,Retrofit,Ironsource,InMobi,Butter-Knife,Picasso
com.audiomack.json,EventBus,okio,OkHttp,PrettyTime,Gson,Picasso
com.asus.filemanager.json,FasterXML-Jackson-Core,EventBus,okio,OkHttp,Retrofit,universal-image-loader,Gson
com.application.zomato.json,twitter4j,FasterXML-Jackson-Core,okio,OkHttp,Retrofit,Gson,Butter-Knife
com.lenovo.anyshare.gps.json,okio,OkHttp,Gson,Butter-Knife
com.robot.ring.fighting.json,Ironsource,Ironsource,AppLovin
com.alibaba.aliexpresshd.json,EventBus,okio,OkHttp,Retrofit,Gson
com.whatsweb.app.json,glide
com.fungames.blockcraft.json,Adjust,okio,OkHttp,Retrofit,Ironsource,Ironsource,Gson,AppLovin,Butter-Knife,apache-httpclient-android
com.google.android.apps.docs.json,
com.best.wordsearch.free.json,Adjust,OkHttp,okio,Retrofit,Ironsource,Ironsource,Gson,Butter-Knife,apache-httpclient-android,AppLovin
sg.bigo.ludolegend.json,okio,OkHttp,Gson
row.json,okio,OkHttp,roboguice,Retrofit,Ironsource,Ironsource,Guice,Guava,Gson,AppLovin
com.microsoft.office.powerpoint.json,okio,OkHttp,Gson
com.cmplay.dancingline.json,scribe,okio,OkHttp,Retrofit,Ironsource,Ironsource,Gson
com.outfit7.mytalkingtom2.json,FasterXML-Jackson-Core,OkHttp,okio,Retrofit,Ironsource,InMobi,Ironsource,Gson,Gson,AppLovin,Picasso
com.allstate.view.json,FasterXML-Jackson-Core,roboguice,New-Relic,Gson,Guice,Butter-Knife
com.becloser.json,Adjust,OkHttp,okio,Retrofit,Gson
com.ss.android.ugc.boom.json,EventBus,OkHttp,OkHttp,okio,Picasso,MessagePack,Joda-Time,MessagePack
com.google.android.youtube.json,
com.tmob.AveaOIM.json,
com.graymatrix.did.json,OkHttp,okio,InMobi,Guava,Gson,Guava,Picasso,Joda-Time
com.UCMobile.intl.json,
com.mola.playspace.android.bingo.json,okio,OkHttp
com.kwalee.drawit.json,EventBus,okio,OkHttp,Retrofit,Ironsource,InMobi,Gson,Picasso
com.turkcell.ott.json,Adjust,FasterXML-Jackson-Core,okio,OkHttp,Retrofit,Gson,Guava,glide,AndroidAsync
com.intsig.camscanner.json,scribe,FasterXML-Jackson-Core,EventBus,OkHttp,okio,OkHttp,OkHttp,Gson,Picasso
com.matteljv.uno.json,Ironsource,Gson,AppLovin
com.viber.voip.json,twitter4j,Adjust,FasterXML-Jackson-Core,EventBus,okio,OkHttp,Retrofit,Gson
com.claroColombia.contenedor.json,universal-image-loader
com.more.dayzsurvival.gp.json,twitter4j,Adjust,universal-image-loader,HockeyApp
com.naturalmotion.customstreetracer2.json,Adjust,Gson
video.json,
com.speedymovil.wire.json,
com.google.android.music.json,FasterXML-Jackson-Core,OkHttp,Gson
com.amanotes.beathopper.json,Ironsource
com.hy.sfacer.json,EventBus,OkHttp,okio,Retrofit,Gson,AppLovin
com.abtnprojects.ambatana.json,
me.dingtone.app.im.json,FasterXML-Jackson-Core,EventBus,OkHttp,Retrofit,universal-image-loader,Ironsource,Gson,glide,Gson,AppLovin,Picasso
com.tmobile.vvm.application.json,ACRA
com.dailyselfie.newlook.studio.json,
com.google.android.apps.maps.json,
com.cleanmaster.mguard.json,Gson
com.appsomniacs.da2.json,Ironsource,Ironsource,InMobi,Picasso
com.opera.mini.native.json,
com.sega.sonic4episode2.json,twitter4j,FasterXML-Jackson-Core,okio,OkHttp,Retrofit,Ironsource,InMobi,Guava,Guava,Gson,apache-httpclient-android,Picasso
com.officetool.pdfreader2018.pdfviewer.json,apache-httpclient-android,Picasso
com.qrcorde.scan.barcode.reader.generator.json,EventBus,OkHttp,okio,Retrofit,glide,Gson
com.jamsco.songvideomakerphotovideomaker.json,OkHttp,okio,universal-image-loader,Gson,glide,Picasso
com.transsion.phoenix.json,EventBus,okio,OkHttp,glide,Gson,Butter-Knife,Butter-Knife,OrmLite
com.followers.unfollowers.json,okio,OkHttp,PrettyTime,Retrofit,Ironsource,Ironsource,InMobi,Gson,AppLovin,Picasso
net.goldengolds.brightestinyouappss.json,Gson
app.zenly.locator.json,EventBus,OkHttp,okio,OkHttp,Retrofit,Retrofit,Gson,Picasso
com.yy.biu.json,
com.azurgames.stackball.json,Ironsource
com.gpsmycity.iwtmaster.json,
com.samsung.privilege.json,okio,OkHttp,Retrofit,glide,Gson,Butter-Knife,Picasso
com.android.chrome.json,
com.game5mobile.lineandwater.json,OkHttp,okio,Retrofit,Ironsource,InMobi,Gson,Picasso
com.soomapps.screenmirroring.json,
com.youmusic.magictiles.json,EventBus,okio,OkHttp,Retrofit,Ironsource,Gson,AppLovin,Picasso
com.google.android.googlequicksearchbox.json,
com.weather.Weather.json,Retrofit,EventBus,FasterXML-Jackson-Core,okio,OkHttp,Retrofit,New-Relic,New-Relic,Gson,Guava,Gson,Picasso
com.crazylabs.amaze.game.json,okio,Ironsource,Gson,AppLovin,Joda-Time
com.dreamtech.angryhippoattacksimulator.json,
com.amazon.aa.json,New-Relic,Gson,Guava,Picasso
de.commerzbanking.mobil.json,FasterXML-Jackson-Core,EventBus,okio,OkHttp,Retrofit,Guava,Guava,Gson,Picasso
com.spotify.music.json,FasterXML-Jackson-Core,Retrofit
com.xprodev.cutcam.json,EventBus,OkHttp,Ironsource,glide,Gson,AppLovin,Picasso
com.livenation.mobile.android.na.json,FasterXML-Jackson-Core,Retrofit,New-Relic,New-Relic,Gson,Gson,Picasso,Joda-Time
com.metropcs.service.vvm.json,ACRA
com.goibibo.json,FasterXML-Jackson-Core,okio,OkHttp,New-Relic,New-Relic,Gson,Gson,Picasso
com.luizalabs.mlapp.json,EventBus,okio,OkHttp,Retrofit,Gson,Butter-Knife,Picasso
com.mxtech.videoplayer.ad.json,InMobi,Joda-Time
com.agoda.mobile.consumer.json,okio,OkHttp,Retrofit,Gson,Guava
com.housepaint.game.json,Butter-Knife
com.whatsapp.json,
com.supercell.brawlstars.json,
com.google.android.gms.json,
com.playgendary.ktb2.json,EventBus,OkHttp,okio,Retrofit,Ironsource,Ironsource,Gson,AppLovin
com.poshmark.app.json,twitter4j,HockeyApp,New-Relic,New-Relic,Gson,Gson,glide
com.piriform.ccleaner.json,EventBus,okio,OkHttp,Retrofit,Retrofit,universal-image-loader,Ironsource,InMobi,Gson,AppLovin,Picasso,OrmLite
com.huawei.health.json,OkHttp,okio,OkHttp,Retrofit,universal-image-loader,Gson,Picasso
com.iberia.android.json,OkHttp,okio,Retrofit,Gson,apache-httpclient-android,Picasso,Joda-Time
future.me.old.baby.astrology.json,EventBus,OkHttp,okio,Retrofit,Gson,AppLovin
com.dts.freefireth.json,okio,OkHttp,Gson
com.fds.hfdghgfgfh.json,okio,OkHttp,universal-image-loader,Gson
com.nianticlabs.pokemongo.json,Adjust
com.mi.android.globalFileexplorer.json,OkHttp,okio,Guava
com.mcdonalds.app.json,ACRA,Retrofit,New-Relic,New-Relic,Gson,Gson,Gson,Picasso
game.bubble.shooter.dragon.pop.json,okio,OkHttp,Retrofit,Ironsource,Gson,apache-httpclient-android,AppLovin
com.playrix.homescapes.json,okio
com.mcdonalds.mobileapp.json,okio,OkHttp,OkHttp,universal-image-loader,Retrofit,Guava,Gson,Picasso,Joda-Time
com.smule.singandroid.json,twitter4j,Adjust,FasterXML-Jackson-Core,okio,OkHttp,universal-image-loader,Retrofit,InMobi,AppLovin,Picasso
ru.appkode.friendsclub.json,OkHttp,okio
com.photovideoslide.photomoviemaker.json,universal-image-loader,glide
com.microsoft.skydrive.json,Adjust,okio,OkHttp,Retrofit,Retrofit,glide,Gson,Joda-Time
com.peoplefun.wordcross.json,okio,Ironsource,InMobi,Gson,Picasso
com.mgc.runnergame.json,Adjust,okio,Ironsource,Gson,AppLovin
ar.com.personal.json,FasterXML-Jackson-Core,EventBus,okio,OkHttp,OkHttp,roboguice,Guava,Guava,Guice,Picasso,OrmLite
com.chickfila.cfaflagship.json,OkHttp,Guava,Guava
com.google.android.apps.photos.json,
com.degoo.android.json,Guice
com.fugo.wow.json,Adjust,okio,OkHttp,Retrofit,Ironsource,InMobi,Gson,Butter-Knife,AppLovin,Picasso
com.telos.app.im.json,EventBus,FasterXML-Jackson-Core,okio,OkHttp,OkHttp,universal-image-loader,Gson,Gson
com.azarlive.android.json,Adjust,ACRA,FasterXML-Jackson-Core,okio,OkHttp
br.com.telecineplay.android.json,OkHttp,okio,roboguice,Retrofit,Guava,Gson,glide,Guice,Picasso,Joda-Time
com.ucturbo.json,okio,OkHttp
com.amazon.avod.thirdpartyclient.json,FasterXML-Jackson-Core,FasterXML-Jackson-Core,okio
mytown.beautycontest.free.json,
perfict.design.one.json,
de.flixbus.app.json,
com.snapchat.android.json,
com.google.android.inputmethod.latin.json,
com.geishatokyo.trafficrun.json,okio,OkHttp,Retrofit,Ironsource,Gson
io.voodoo.crowdcity.json,okio,OkHttp,Retrofit,Ironsource,InMobi,Gson,Picasso
com.cam001.selfievideo.json,twitter4j,okio,Picasso
org.zwanoo.android.speedtest.json,okio,OkHttp,Retrofit,Gson
com.zeenews.hindinews.json,FasterXML-Jackson-Core,EventBus,okio,OkHttp,universal-image-loader,Guava,Gson,Gson,glide,Guava,apache-httpclient-android
iflix.play.json,okio,OkHttp,Retrofit,New-Relic,New-Relic,Gson,Gson,Joda-Time
com.huya.niko.json,EventBus,OkHttp,okio,OkHttp,PrettyTime,Retrofit,glide,Gson,Picasso,OrmLite
com.sec.android.app.shealth.json,
com.tabtale.daddylittlehelper.json,OkHttp,okio,Retrofit,Ironsource,Ironsource,InMobi,Guice,Gson,AppLovin,Picasso,Joda-Time
com.colorup.game.json,Adjust,okio,Ironsource,InMobi,Gson,AppLovin,Picasso
com.dot.azkari.json,twitter4j,New-Relic,Gson
com.google.android.calendar.json,
com.lazada.android.json,Adjust,EventBus,okio,OkHttp,universal-image-loader,Gson,Guava,Guava,Joda-Time
com.ab.videoplayerhd.json,
io.moreless.tide.json,EventBus,okio,OkHttp,Retrofit
com.herocraft.game.free.redball3.json,okio,OkHttp,Retrofit,Gson
kr.co.quicket.json,FasterXML-Jackson-Core,FasterXML-Jackson-Core,OkHttp,okio,universal-image-loader,New-Relic,Gson
screenrecorder.recorder.editor.json,EventBus,universal-image-loader,glide,Gson
fb.video.downloader.json,AppLovin
new.json,twitter4j,twitter4j,FasterXML-Jackson-Core,FasterXML-Jackson-Core,Guava,Gson
com.freevpn.unblock.proxy.json,EventBus,OkHttp,okio,Retrofit,Gson,Picasso
com.jamendoandoutly.mainpakage.json,Butter-Knife
com.turborilla.bmx2.json,scribe,Adjust,OkHttp,okio,Retrofit,Ironsource,Ironsource,InMobi,HockeyApp,Gson,Butter-Knife,AppLovin,Picasso
com.tinyco.potter.json,okio,OkHttp,Gson
com.enigmastudio.secretagentprisonescapemission.json,
com.netflix.mediaclient.json,New-Relic,Gson
com.microsoft.office.excel.json,okio,OkHttp,Gson
com.vivashow.share.video.chat.json,Adjust,EventBus,OkHttp,okio,Retrofit,universal-image-loader,Gson,Gson
com.taggedapp.json,Adjust,OkHttp,okio,Retrofit,Retrofit,InMobi,Joda-Time
com.dsrtech.macho.json,universal-image-loader,Picasso
com.kiloo.subwaysurf.json,okio,Ironsource,Gson,Picasso
com.mobile.legends.json,twitter4j,Adjust
com.tripadvisor.tripadvisor.json,FasterXML-Jackson-Core
com.airbnb.android.json,FasterXML-Jackson-Core,okio,OkHttp,Guava,Joda-Time
com.army.counter.attack.json,Ironsource,Ironsource,AppLovin
recording.phone.call.auto.recorder.json,okio,OkHttp,Retrofit,Gson,glide,Guava
com.asanayoga.asanarebel.json,Adjust,FasterXML-Jackson-Core,OkHttp,okio,Retrofit,Gson,Picasso
com.sec.app.samsungprintservice.json,
br.com.mobits.cartolafc.json,universal-image-loader,New-Relic,Gson,Butter-Knife
com.twitter.android.json,FasterXML-Jackson-Core,EventBus
org.telegram.messenger.json,
me.talkyou.app.im.json,FasterXML-Jackson-Core,EventBus,OkHttp,Retrofit,universal-image-loader,Ironsource,Guava,Gson,glide,Guava,Gson,Butter-Knife,AppLovin,Picasso
com.hp.pregnancy.lite.json,Gson,Guava,Guava,Joda-Time
com.traveloka.android.json,Adjust,okio,OkHttp,OkHttp,OkHttp
net.one97.paytm.json,OkHttp,OkHttp,Retrofit,universal-image-loader
in.swiggy.android.json,FasterXML-Jackson-Core,OkHttp,Retrofit,New-Relic,New-Relic,Picasso
forex.game.json,okio,OkHttp,OkHttp,Retrofit,Ironsource,InMobi,Guava,Gson,AppLovin,Picasso,Joda-Time
com.klook.json,EventBus,OkHttp,okio,Retrofit,universal-image-loader,Gson,Picasso,Joda-Time
com.ss.android.ugc.boomlite.json,OkHttp,OkHttp,okio,Gson,Picasso,MessagePack,MessagePack
com.ab.real.video.player.hdvideoplayer.json,Gson
com.samsung.android.oneconnect.json,EventBus,okio,OkHttp,Retrofit,Guava,Gson,glide,Picasso,Joda-Time
com.xiaomi.hm.health.json,Retrofit,FasterXML-Jackson-Core,EventBus,OkHttp,okio,Retrofit,Gson,Guava,Gson,Picasso
com.grand.prison.escape.game.json,Ironsource,Ironsource,AppLovin
com.target.ui.json,PrettyTime,Retrofit,EventBus,OkHttp,okio,OkHttp,PrettyTime,Retrofit,New-Relic,New-Relic,Gson,Gson,glide,Butter-Knife,OrmLite
com.paypal.android.p2pmobile.json,Adjust,EventBus,Gson,Picasso
com.gorgeous.liteinternational.json,EventBus,OkHttp,okio,Retrofit,Gson,apache-httpclient-android,MessagePack,MessagePack
com.gaana.json,FasterXML-Jackson-Core,InMobi,Gson
com.allfootball.news.json,okio,OkHttp,Retrofit,Gson,Gson,Picasso
com.ivy.galaxyshooting.sky.json,apache-httpclient-android
com.grability.rappi.json,okio,OkHttp,Retrofit,PrettyTime,New-Relic,New-Relic,Picasso
com.canva.editor.json,FasterXML-Jackson-Core,Retrofit,Guava
com.marriott.mrt.json,Retrofit,roboguice,FasterXML-Jackson-Core,okio,OkHttp,Retrofit,roboguice,Butter-Knife,apache-httpclient-android,Picasso
com.wf.wellsfargomobile.json,EventBus,OkHttp,okio,roboguice,Retrofit,Retrofit,Gson,Gson,Guava,Guice,Picasso
com.grofers.customerapp.json,OkHttp,Retrofit
bubbleshooter.orig.json,okio,OkHttp,Retrofit,Ironsource,Ironsource,InMobi,Gson,AppLovin,Picasso
com.huawei.android.thememanager.json,okio,OkHttp
com.pozitron.iscep.json,Adjust,EventBus,Joda-Time
com.callerscreen.color.phone.ringtone.flash.json,Gson
io.silvrr.installment.json,Retrofit,Adjust,EventBus,okio,OkHttp,Retrofit,Guava,Gson,glide,Guava
com.contextlogic.wish.json,OkHttp,Retrofit,Gson
com.xiaomi.smarthome.json,EventBus,OkHttp,OkHttp,okio,Retrofit,universal-image-loader,Picasso,OrmLite
com.google.android.apps.tachyon.json,
com.soccre.football.shoot.goal.json,Retrofit,okio,OkHttp,Retrofit,Gson
com.vova.android.json,EventBus,okio,OkHttp,Retrofit,Gson,Guava,Picasso
com.aswat.carrefouruae.json,Retrofit,Adjust,FasterXML-Jackson-Core,okio,OkHttp,Retrofit,Gson,Picasso
com.ocard.json,EventBus,OkHttp,okio,Gson
com.phonepe.app.json,Retrofit,FasterXML-Jackson-Core,okio,OkHttp,Retrofit,glide,Gson,Butter-Knife
com.naver.vapp.json,twitter4j,FasterXML-Jackson-Core,FasterXML-Jackson-Core,okio,OkHttp,OkHttp,okio,Retrofit,Retrofit,Gson,apache-httpclient-android
com.zilingo.users.json,Retrofit,Retrofit,universal-image-loader,Retrofit,Retrofit,universal-image-loader,Gson,Guava
com.tencent.ig.json,Retrofit,Adjust,okio,OkHttp,Retrofit,Gson,Gson,Picasso
in.togetu.video.json,EventBus,okio,OkHttp,Retrofit,Gson,Guava,Picasso
com.psafe.msuite.json,
free.video.downloader.freevideodownloader.json,EventBus
com.differencetenderwhite.skirt.json,apache-httpclient-android
com.mercadopago.wallet.json,EventBus,okio,OkHttp,Retrofit,Gson,Butter-Knife,Picasso
com.discord.json,
com.jio.myjio.json,Retrofit,FasterXML-Jackson-Core,EventBus,okio,OkHttp,Retrofit,Gson,Gson,Picasso
com.ixigo.train.ixitrain.json,
com.honeycomb.launcher.json,Gson
io.wifimap.wifimap.json,EventBus,OkHttp,okio,universal-image-loader,PrettyTime,Retrofit,Retrofit,Guava,Gson,Butter-Knife,Picasso
com.instagram.android.json,
com.prisaradio.replicapp.cadenaser.json,Retrofit,FasterXML-Jackson-Core,okio,OkHttp,Retrofit,Gson,Gson,Picasso
com.roposo.android.json,Retrofit,okio,OkHttp,Retrofit,New-Relic,New-Relic,Gson,Gson,Butter-Knife,Picasso
com.koushikdutta.cast.json,AndroidAsync
com.truecaller.json,InMobi
mini.block.craft.free.mc.json,EventBus,apache-httpclient-android
com.gel.counter.terrorist.attack.json,Ironsource,Ironsource,AppLovin
tv.pluto.android.json,okio,OkHttp,Retrofit,Gson,Picasso,Joda-Time
com.tuxera.streambels.json,
